{"cameraMode":{"drawMode":0,"name":"Shaded","section":"Shading Mode"},"sceneLighting":true,"audioPlay":false,"sceneViewState":{"showFog":true,"showMaterialUpdate":false,"showSkybox":true,"showFlares":true,"showImageEffects":true,"showParticleSystems":true},"in2DMode":false,"pivot":{"x":-5.424036979675293,"y":3.2531638145446779,"z":-4.451228141784668},"rotation":{"x":0.026916857808828355,"y":0.9717841744422913,"z":-0.13824385404586793,"w":0.1892130970954895},"size":1.1932032108306885,"orthographic":false}