{"cameraMode":{"drawMode":0,"name":"Shaded","section":"Shading Mode"},"sceneLighting":true,"audioPlay":false,"sceneViewState":{"showFog":true,"showMaterialUpdate":false,"showSkybox":true,"showFlares":true,"showImageEffects":true,"showParticleSystems":true,"showVisualEffectGraphs":true,"m_FxEnabled":true},"in2DMode":false,"pivot":{"x":2.2709574699401857,"y":0.19843906164169312,"z":2.5678176879882814},"rotation":{"x":-0.14164917171001435,"y":-0.7674881219863892,"z":0.1817280501127243,"w":-0.5982276797294617},"size":12.822137832641602,"orthographic":true}