{"cameraMode":{"drawMode":0,"name":"Shaded","section":"Shading Mode"},"sceneLighting":true,"audioPlay":false,"sceneViewState":{"showFog":true,"showMaterialUpdate":false,"showSkybox":true,"showFlares":true,"showImageEffects":true,"showParticleSystems":true,"showVisualEffectGraphs":true,"m_FxEnabled":true},"in2DMode":false,"pivot":{"x":-1.8266596794128419,"y":2.0839810371398927,"z":-10.756269454956055},"rotation":{"x":-0.016156630590558053,"y":-0.7392058372497559,"z":0.01774449460208416,"w":-0.6730545163154602},"size":3.4972891807556154,"orthographic":true}